id,name,slug,targetLength,minimumDensity,maintenance,compatibleFaceShapes
"beard_clean_shaven","Clean Shaven","clean-shaven","clean-shaven","none","high","oval;square;diamond;rectangle;heart;triangle;round"
"beard_designer_stubble","Designer Stubble (3-Day Shadow)","designer-stubble","stubble","patchy","minimal","oval;square;round;heart;diamond;rectangle"
"beard_heavy_stubble","Heavy Stubble (5-Day Shadow)","heavy-stubble","stubble","medium","minimal","oval;round;heart;triangle;square"
"beard_short_boxed","Short Boxed Beard","short-boxed-beard","short","medium","moderate","round;oval;heart;diamond"
"beard_tapered_jawline","Tapered Fade Beard","tapered-fade-beard","short","medium","moderate","round;square;oval"
"beard_extended_goatee","Extended Sculpted Goatee","extended-goatee","short","patchy","moderate","round;square;diamond"
"beard_full_rugged","Full Rugged Beard","full-rugged-beard","medium","thick","high","oval;rectangle;diamond;triangle"
"beard_anchor_balbo","Balbo & Anchor Beard","balbo-anchor","short","medium","high","round;square"
"beard_ducktail_full","Ducktail Shaped Beard","ducktail-beard","medium","thick","high","round;oval;square"
"beard_refined_chevron_stache","Refined Chevron Mustache with Stubble","chevron-mustache-stubble","stubble","medium","moderate","square;oval;rectangle"
"beard_corporate_neat","Corporate Low-Cut Beard","corporate-beard","short","medium","moderate","oval;square;rectangle;round"
"beard_classic_goatee","Classic Circular Goatee","classic-circular-goatee","short","patchy","moderate","round;square;oval"
"beard_pencil_mustache","Sleek Pencil Mustache","pencil-mustache","stubble","medium","high","oval;rectangle;square"
"beard_handlebar_mustache","Handlebar Mustache with Bare Cheeks","handlebar-mustache","short","thick","high","square;oval;rectangle"
"beard_five_o_clock_shadow_light","Micro Shadow (1-Day Scruff)","one-day-micro-shadow","stubble","patchy","minimal","oval;square;heart;round;diamond"
"beard_chin_strap_modern","Modern Sculpted Chin Strap","modern-chin-strap","short","medium","high","round;oval"
"beard_walrus_mustache","Natural Walrus Mustache","walrus-mustache","medium","thick","moderate","oval;square;rectangle"
"beard_tapered_sideburns_bare","Clean Shaven with Gradient Sideburn Taper","bare-with-sideburn-fade","clean-shaven","none","high","oval;square;diamond;heart;round"
"beard_horseshoe_mustache","Sculpted Horseshoe Mustache","horseshoe-mustache","short","medium","moderate","square;oval;rectangle"
"beard_chin_curtain_natural","Natural Chin Curtain","natural-chin-curtain","short","medium","moderate","oval;rectangle;heart"