id,name,category,subcategory,formality,fit,silhouette,colorName,colorTone,material,fabricWeight,garmentCoding,fluidTag,drape,modestyRating
"gar_box_tee_white","Heavyweight Boxy Tee (Off-White)","top","t-shirt","1","boxy","dropped-shoulder-cropped-hem","off-white","neutral","300gsm combed organic cotton","midweight","0","true","","standard"
"gar_box_tee_black","Heavyweight Boxy Tee (Faded Black)","top","t-shirt","1","boxy","dropped-shoulder","faded-black","neutral","320gsm vintage washed cotton","midweight","0","true","","standard"
"gar_linen_tee_natural","Relaxed Slub Linen Tee","top","t-shirt","1","relaxed","fluid-airy-drape","natural-flax","neutral","100% Belgian slub linen jersey","lightweight","0","true","","standard"
"gar_knit_polo_olive","Textured Open-Collar Knit Polo","top","polo","3","regular","relaxed-drape","olive","earth","silk-cotton blend knit","midweight","0","true","","standard"
"gar_knit_polo_cream","Ribbed Johnny Collar Polo (Cream)","top","polo","3","regular","clean-taper","cream","neutral","fine pima cotton knit","midweight","0","true","","standard"
"gar_oxford_shirt_white","Relaxed Oxford Button-Down Shirt","top","button-down","3","relaxed","straight-hang","white","neutral","heavyweight oxford cotton","midweight","0","true","","standard"
"gar_oxford_shirt_blue","Classic Oxford Button-Down (Sky Blue)","top","button-down","3","regular","natural-shoulder-straight","sky-blue","cool","pinpoint oxford cotton","midweight","0","true","","standard"
"gar_camp_collar_shirt_terracotta","Tencel Camp-Collar Shirt","top","button-down","2","boxy","straight-hem-draped","terracotta","warm","100% lyocell tencel","lightweight","0","true","","standard"
"gar_poplin_white_dress_shirt","Crisp Poplin Point Collar Shirt","top","dress-shirt","5","tailored","clean-linear-darted","crisp-white","neutral","120s two-ply Giza cotton","lightweight","0","true","","standard"
"gar_cashmere_crew_charcoal","Fine Merino Cashmere Crewneck","top","knitwear","3","regular","clean-taper","charcoal","neutral","90% merino 10% cashmere","midweight","0","true","","standard"
"gar_mockneck_black","Minimal Ribbed Mock Neck","top","knitwear","3","slim","fitted-architectural","jet-black","neutral","compact modal-wool jersey","lightweight","0","true","","high-coverage"
"gar_turtleneck_camel","Merino Wool Rollneck (Camel)","top","knitwear","3","regular","clean-sculpted-collar","camel","warm","100% extrafine merino wool","midweight","0","true","","high-coverage"
"gar_cable_knit_cream","Heavy Fisherman Cable-Knit Sweater","top","knitwear","2","relaxed","chunky-volumetric-rib","raw-cream","neutral","100% British wool","heavyweight","0","true","","high-coverage"
"gar_hoodie_heather_grey","500GSM Loopback Oversized Hoodie","top","hoodie","1","oversized","box-drape-structured-hood","heather-grey","neutral","500gsm French terry cotton","heavyweight","0","true","","high-coverage"
"gar_hoodie_washed_black","Boxy Cropped Zip Hoodie (Washed Black)","top","hoodie","1","boxy","cropped-waist-wide-chest","washed-black","neutral","450gsm combed cotton fleece","heavyweight","0","true","","standard"
"gar_crewneck_sweatshirt_navy","Vintage V-Insert Sweatshirt (Faded Navy)","top","sweatshirt","1","regular","retro-athletic-ribbed","faded-navy","neutral","400gsm loopwheel cotton","midweight","0","true","","standard"
"gar_cardigan_mohair_olive","Brushed Mohair Cardigan (Olive Melange)","top","knitwear","2","relaxed","dropped-shoulder-fuzzy-drape","olive-melange","earth","70% kid mohair 30% wool","midweight","0","true","","standard"
"gar_flannel_shirt_plaid","Heavy Ombre Flannel Overshirt","top","overshirt","2","relaxed","straight-hem-double-pocket","charcoal-black-ombre","neutral","brushed 9oz cotton flannel","midweight","0","true","","standard"
"gar_kurta_tunic_ecru","Mandarin Collar Linen Tunic (Kurta)","top","tunic","3","relaxed","longline-side-slit-drape","ecru","neutral","washed pure linen","lightweight","0","true","","high-coverage"
"gar_seersucker_shirt_navy","Textured Seersucker Short-Sleeve Shirt","top","button-down","2","regular","puckered-airy-cut","deep-navy","neutral","100% puckered cotton seersucker","lightweight","0","true","","standard"
"gar_ribbed_tank_white","Fine Ribbed Athletic Tank (Chalk White)","top","tank","1","slim","fitted-scoop-neck","chalk-white","neutral","2x2 stretch cotton rib","lightweight","0","true","","low-coverage"
"gar_silk_crepe_shirt_black","Fluid Silk Crepe Evening Shirt","top","button-down","4","relaxed","liquid-drape-hidden-placket","jet-black","neutral","100% silk crepe de chine","lightweight","0","true","","standard"
"gar_heavy_overshirt_boiled_wool","Boiled Wool Snap Overshirt (Charcoal)","top","overshirt","3","relaxed","box-jacket-shirt","charcoal","neutral","dense Austrian boiled wool","heavyweight","0","true","","high-coverage"
"gar_waffle_longsleeve_cream","Heavy Waffle Thermal Longsleeve","top","longsleeve","1","regular","crewneck-honeycomb-cuff","ecru-cream","neutral","380gsm honeycomb waffle cotton","midweight","0","true","","high-coverage"
"gar_breton_stripe_longsleeve","Classic Nautical Breton Longsleeve","top","longsleeve","2","regular","boat-neck-straight-hem","white-and-navy-stripe","cool","heavyweight carded cotton","midweight","0","true","","standard"
"gar_raw_edge_tunic_experimental","Asymmetric Raw-Hem Linen Tunic","top","tunic","3","oversized","draped-deconstructed-asymmetric","pitch-black","neutral","washed crinkled linen-viscose","lightweight","0","true","","high-coverage"
"gar_chamois_shirt_tobacco","Brushed Chamois Work Shirt (Tobacco)","top","button-down","2","regular","triple-needle-gusset","tobacco","earth","9.5oz brushed cotton chamois","heavyweight","-1","false","","standard"
"gar_crochet_shirt_sand","Open-Weave Crochet Short-Sleeve Shirt","top","button-down","2","relaxed","boxy-geometric-lace","sand","earth","100% open-knit cotton yarn","lightweight","0","true","","low-coverage"
"gar_merino_vest_slate","Sleeveless Merino Knit Vest (Slate)","top","knitwear","3","regular","v-neck-clean-rib","slate","neutral","fine Italian merino wool","lightweight","0","true","","standard"
"gar_henley_longsleeve_charcoal","3-Button Waffle Henley (Charcoal)","top","henley","2","slim","contoured-button-placket","charcoal","neutral","heavy combed cotton jersey","midweight","-1","false","","standard"
"gar_silk_band_collar_ivory","Silk-Cotton Band Collar Shirt (Ivory)","top","button-down","4","relaxed","mandarin-clean-placket","ivory","neutral","silk-cotton poplin blend","lightweight","0","true","","standard"
"gar_graphic_vintage_tee","Faded Archival Graphic Tee","top","t-shirt","1","boxy","distressed-collar-drop-shoulder","faded-chalk-black","neutral","single-stitch combed vintage cotton","midweight","0","true","","standard"
"gar_guayabera_linen_white","Traditional Pleated Guayabera (White)","top","button-down","3","relaxed","four-pocket-alforza-pleats","white","neutral","100% fine Irish linen","lightweight","-1","false","","standard"
"gar_alpaca_crew_forest","Brushed Baby Alpaca Crewneck (Forest Green)","top","knitwear","3","relaxed","cloud-soft-lofty-gauge","forest-green","earth","100% Peruvian baby alpaca","heavyweight","0","true","","high-coverage"
"gar_technical_base_longsleeve","Merino-Synthetic Articulated Baselayer","top","longsleeve","1","slim","ergonomic-thumbhole-sleeve","graphite","neutral","65% merino 35% Schoeller stretch polyamide","lightweight","0","true","","high-coverage"
"gar_denim_western_shirt","Washed 8oz Denim Western Shirt","top","button-down","2","regular","yoked-snap-pocket-contour","washed-indigo","earth","8oz ring-spun cotton selvedge denim","midweight","0","true","","standard"
"gar_boucle_crewneck_taupe","Textured Bouclé Crewneck Sweater (Taupe)","top","knitwear","3","regular","tactile-curled-yarn-drape","taupe","neutral","curled wool-alpaca bouclé blend","midweight","0","true","","standard"
"gar_tuxedo_shirt_bib_front","Marcella Piqué Bib Evening Tuxedo Shirt","top","dress-shirt","5","tailored","stiff-bib-french-cuffs","pure-white","neutral","200s Giza cotton with marcella piqué bib","lightweight","-1","false","","standard"
"gar_wide_trousers_black","Double-Pleated Wide-Leg Trousers","bottom","trousers","3","relaxed","high-rise-wide-straight-drape","pitch-black","neutral","wool gabardine blend","midweight","0","true","","high-coverage"
"gar_raw_denim_indigo","Straight-Leg 14oz Selvedge Denim","bottom","jeans","2","regular","mid-rise-straight-leg","raw-indigo","earth","14oz Japanese selvedge denim","heavyweight","0","true","","high-coverage"
"gar_tailored_slacks_charcoal","Flat-Front Tailored Wool Slacks","bottom","trousers","4","tailored","clean-taper-no-break","charcoal","neutral","100% Super 120s wool","midweight","0","true","","high-coverage"
"gar_carpenter_pant_canvas","Relaxed Double-Knee Carpenter Pants","bottom","pants","1","relaxed","straight-rugged-roomy","duck-tan","earth","heavyweight washed canvas","heavyweight","0","true","","high-coverage"
"gar_corduroy_trousers_olive","Wide-Wale Pleated Corduroy Trousers","bottom","trousers","3","relaxed","relaxed-taper","olive-green","earth","8-wale thick cotton corduroy","heavyweight","0","true","","high-coverage"
"gar_cargo_pants_black","Articulated Technical Cargo Pants","bottom","cargo","2","relaxed","tapered-cuff-functional-gusset","deep-black","neutral","water-repellent Schoeller dryskin","midweight","0","true","","high-coverage"
"gar_linen_drawstring_ecru","Relaxed Linen Drawstring Trousers","bottom","trousers","2","relaxed","airy-flowing-wide-leg","ecru","neutral","100% Belgian washed linen","lightweight","0","true","","high-coverage"
"gar_classic_chinos_khaki","Mid-Rise Tapered Chinos (British Khaki)","bottom","chinos","3","regular","clean-linear-mid-rise","british-khaki","earth","combed cotton twill with light peach finish","midweight","0","true","","high-coverage"
"gar_tailored_shorts_navy","Pleated Linen-Cotton Shorts (Navy)","bottom","shorts","2","relaxed","above-knee-subtle-flare","deep-navy","neutral","linen-cotton twill","lightweight","0","true","","standard"
"gar_sweatpants_grey_terry","Heavyweight Loopback Sweatpants","bottom","sweatpants","1","relaxed","elastic-cuff-roomy-thigh","heather-grey","neutral","480gsm French terry cotton","heavyweight","0","true","","high-coverage"
"gar_black_washed_denim","Washed Black Loose-Fit Denim","bottom","jeans","2","relaxed","straight-wide-stacked-hem","washed-black","neutral","13oz open-end cotton denim","midweight","0","true","","high-coverage"
"gar_tuxedo_trousers_satin_stripe","Barathea Wool Tuxedo Trousers with Satin Stripe","bottom","trousers","5","tailored","formal-braid-outseam-clean-break","midnight-navy","neutral","100% fine Barathea wool with silk grosgrain side stripe","midweight","-1","false","","high-coverage"
"gar_gurkha_trousers_olive","Double-Buckle Gurkha Trousers (Olive)","bottom","trousers","3","relaxed","high-waist-integrated-belt-forward-pleats","olive-drab","earth","heavy cotton military drill","midweight","0","true","","high-coverage"
"gar_leather_trousers_black","Straight-Leg Lambskin Leather Trousers","bottom","pants","3","regular","sculpted-linear-sheen","black","neutral","soft Italian lambskin leather, cupro lining","heavyweight","0","true","","high-coverage"
"gar_pleated_flannel_slacks_grey","Single-Pleat Wool Flannel Slacks (Light Grey)","bottom","trousers","4","regular","gentle-taper-cuffed-hem","light-grey","neutral","Fox Brothers woolen flannel","midweight","0","true","","high-coverage"
"gar_drawstring_fluid_trousers_navy","Fluid Crepe Drawstring Trousers","bottom","trousers","3","relaxed","dropped-rise-fluid-drape","navy","neutral","wool-viscose crepe","lightweight","0","true","","high-coverage"
"gar_distressed_vintage_jeans","90s Relaxed Faded Blue Jeans","bottom","jeans","1","relaxed","relaxed-straight-puddle-hem","stonewash-blue","neutral","100% vintage washed cotton denim","midweight","0","true","","high-coverage"
"gar_pleated_wool_skirt_culotte","Architectural Pleated Wool Culotte / Midi","bottom","trousers","3","oversized","volumetric-accordion-pleat","black","neutral","tropical virgin wool gabardine","midweight","0","true","","high-coverage"
"gar_herringbone_wool_trousers_brown","Herringbone Tweed Trousers (Mocha Brown)","bottom","trousers","3","regular","high-rise-deep-pleat-cuffed","mocha-brown","warm","100% Donegal wool tweed","heavyweight","0","true","","high-coverage"
"gar_sweat_shorts_black","Heavy Cotton French Terry Sweat Shorts","bottom","shorts","1","relaxed","raw-hem-above-knee","black","neutral","450gsm loopback cotton","midweight","0","true","","standard"
"gar_track_pants_side_tape_black","Straight-Leg Tricot Track Pants with Tonal Stripe","bottom","pants","1","regular","pin-tuck-straight-leg","black-tonal","neutral","polyester-cotton tricot knit","midweight","0","true","","high-coverage"
"gar_khadi_cotton_pajama_pants","Handwoven Khadi Cotton Lounge Trousers","bottom","trousers","3","relaxed","tapered-cuff-drawstring-waist","pure-white","neutral","100% handloom khadi cotton","lightweight","0","true","","high-coverage"
"gar_ecru_painter_pants","Ecru Bull Denim Painter Trousers","bottom","pants","2","relaxed","straight-utilitarian-tool-pocket","ecru","neutral","11oz undyed bull denim","midweight","0","true","","high-coverage"
"gar_pinstripe_slacks_navy","Fine Chalkstripe Wool Trousers (Navy)","bottom","trousers","4","tailored","mid-rise-clean-taper","navy-chalkstripe","neutral","high-twist worsted wool","midweight","0","true","","high-coverage"
"gar_seersucker_trousers_sky_blue","Pleated Seersucker Summer Trousers","bottom","trousers","3","regular","relaxed-taper-air-pockets","blue-and-white-stripe","cool","100% cotton seersucker","lightweight","0","true","","high-coverage"
"gar_parachute_pants_olive","Baggy Ripstop Parachute Pants (Olive)","bottom","pants","1","oversized","volumetric-balloon-bungee-cuff","olive","earth","crisp lightweight nylon ripstop","lightweight","0","true","","high-coverage"
"gar_raw_hem_shorts_denim","Vintage Cut-Off Denim Shorts","bottom","shorts","1","relaxed","frayed-hem-above-knee","light-vintage-wash","neutral","100% 12oz cotton denim","midweight","0","true","","standard"
"gar_cropped_trousers_black","Clean Ankle-Cropped Trousers (Black)","bottom","trousers","3","regular","crisp-taper-revealed-ankle","black","neutral","stretch wool-twill","midweight","0","true","","standard"
"gar_deconstructed_blazer_charcoal","Deconstructed Wool Blazer","outerwear","blazer","3","relaxed","soft-shoulder-fluid-drape","charcoal","neutral","tropical virgin wool","lightweight","0","true","","high-coverage"
"gar_wool_overcoat_camel","Double-Breasted Wool Overcoat","outerwear","overcoat","4","relaxed","architectural-longline","camel","earth","heavyweight melton wool","heavyweight","0","true","","high-coverage"
"gar_chore_coat_tan","Duck Canvas Chore Coat","outerwear","jacket","2","regular","boxy-workwear-triple-stitched","canvas-tan","earth","12oz ringspun cotton canvas","heavyweight","0","true","","high-coverage"
"gar_leather_biker_black","Cropped Calfskin Leather Jacket","outerwear","leather-jacket","3","boxy","cropped-waist-broad-shoulder","jet-black","neutral","full-grain oiled calfskin","heavyweight","0","true","","high-coverage"
"gar_trench_coat_khaki","Belted Gabardine Trench Coat","outerwear","trench","3","oversized","fluid-raglan-longline","sand-khaki","neutral","weatherproof cotton gabardine","midweight","0","true","","high-coverage"
"gar_tech_shell_black","3-Layer Weatherproof Technical Shell","outerwear","jacket","2","tailored","articulated-ergonomic","graphite-black","neutral","waterproof breathable membrane","lightweight","0","true","","high-coverage"
"gar_formal_tux_jacket","Satin Peak-Lapel Dinner Jacket","outerwear","tuxedo-jacket","5","tailored","sculpted-waist-canvassed","midnight-navy","neutral","Barathea wool with silk grosgrain lapels","midweight","-1","false","","high-coverage"
"gar_harrington_jacket_tan","Classic G9 Harrington Jacket (Tan)","outerwear","jacket","2","regular","raglan-sleeve-elastic-rib","biscuit-tan","earth","water-repellent poly-cotton baracuta cloth","midweight","0","true","","high-coverage"
"gar_down_puffer_matte_black","Matte Lightweight Down Puffer","outerwear","jacket","1","relaxed","volumetric-quilted-cocoon","matte-black","neutral","800-fill goose down, matte Japanese ripstop","heavyweight","0","true","","high-coverage"
"gar_tweed_blazer_brown","Harris Tweed 2-Button Blazer (Heather Brown)","outerwear","blazer","4","regular","structured-shoulder-patch-pocket","heather-brown","warm","100% pure virgin Scottish wool tweed","heavyweight","0","true","","high-coverage"
"gar_linen_blazer_sand","Unstructured Washed Linen Blazer (Sand)","outerwear","blazer","3","relaxed","shirt-shoulder-unlined","sand","earth","100% washed Irish linen","lightweight","0","true","","high-coverage"
"gar_sherpa_fleece_jacket","Deep-Pile Retro Fleece Jacket","outerwear","jacket","1","relaxed","stand-collar-contrast-pocket","natural-ivory","neutral","350gsm recycled polyester sherpa fleece","heavyweight","0","true","","high-coverage"
"gar_type3_denim_jacket","Type III Selvedge Denim Trucker Jacket","outerwear","jacket","2","regular","cropped-waist-pointed-flap-pockets","raw-indigo","earth","14.5oz unsanforized Japanese selvedge denim","heavyweight","0","true","","high-coverage"
"gar_waxed_cotton_field_jacket","Waxed Cotton Country Field Jacket (Olive)","outerwear","jacket","3","relaxed","corduroy-collar-bellows-pockets","olive-drab","earth","6oz thornproof waxed cotton, tartan lining","heavyweight","0","true","","high-coverage"
"gar_bomber_ma1_sage","MA-1 Flight Bomber Jacket (Sage Green)","outerwear","jacket","1","boxy","blouson-ribbed-collar-utility-sleeve","sage-green","earth","high-density flight satin nylon, orange lining","midweight","0","true","","high-coverage"
"gar_mac_coat_waterproof_black","Minimalist Bonded Cotton Mac Coat","outerwear","overcoat","4","regular","clean-concealed-placket-A-line","jet-black","neutral","rubberized bonded cotton twill","midweight","0","true","","high-coverage"
"gar_kimono_noragi_charcoal","Minimalist Noragi Jacket (Charcoal Wool)","outerwear","jacket","3","relaxed","open-front-kimono-lapel-tie","charcoal","neutral","dry tropical wool-cotton weave","midweight","0","true","","high-coverage"
"gar_coach_jacket_nylon_black","Snap-Button Nylon Coach Jacket","outerwear","jacket","1","relaxed","point-collar-drawstring-hem","black","neutral","water-resistant matte taslan nylon","lightweight","0","true","","high-coverage"
"gar_cashmere_car_coat_navy","Single-Breasted Cashmere Car Coat (Navy)","outerwear","overcoat","4","regular","thigh-length-fly-front","navy","neutral","100% double-faced Italian cashmere","heavyweight","0","true","","high-coverage"
"gar_m65_field_jacket_olive","Vintage M-65 Military Field Coat","outerwear","jacket","2","relaxed","four-pocket-packable-hood-drawcord","olive-drab","earth","50% cotton 50% nylon sateen","heavyweight","0","true","","high-coverage"
"gar_corduroy_overshirt_jacket","Chunky 6-Wale Corduroy Overshirt Jacket","outerwear","overshirt","2","boxy","straight-hem-chest-pockets","caramel-tan","warm","heavy 6-wale cotton corduroy","heavyweight","0","true","","high-coverage"
"gar_houndstooth_raglan_coat","Oversized Houndstooth Raglan Coat","outerwear","overcoat","4","oversized","sloping-raglan-cocoon-volume","black-and-white-houndstooth","neutral","heavy British wool tweed","heavyweight","0","true","","high-coverage"
"gar_sherwani_jacket_bespoke","Bespoke Raw Silk Bandhgala / Sherwani Jacket","outerwear","jacket","5","tailored","mandarin-collar-sculpted-canvassed-length","matte-black","neutral","handwoven Matka raw silk, full silk lining","midweight","0","true","","high-coverage"
"gar_cropped_blouson_black_wool","Cropped Zip Blouson in Tropical Wool","outerwear","jacket","3","boxy","cropped-waist-spread-collar","jet-black","neutral","high-twist worsted tropical wool","lightweight","0","true","","high-coverage"
"gar_minimal_sneaker_white","Minimal Calfskin Low-Top Sneakers","footwear","sneakers","2","regular","sleek-monolithic-cupsole","pure-white","neutral","Italian Nappa leather, Margom rubber sole","midweight","0","true","","standard"
"gar_chunky_derbies_black","Commando-Sole Leather Derbies","footwear","derbies","3","regular","volumetric-rounded-toe","polished-black","neutral","polished binder calf leather, Vibram lug sole","heavyweight","0","true","","standard"
"gar_penny_loafer_burgundy","Cordovan Penny Loafers","footwear","loafers","4","regular","classic-almond-toe-leather-sole","deep-burgundy","earth","Horween shell cordovan","midweight","0","true","","standard"
"gar_chelsea_boot_suede_tobacco","Tobacco Suede Chelsea Boots","footwear","boots","3","slim","tapered-sleek-shaft","tobacco-brown","earth","waxed repello suede, crepe sole","midweight","0","true","","standard"
"gar_retro_court_sneaker","Vintage Suede & Mesh Court Trainers","footwear","sneakers","1","regular","low-profile-gum-sole","vintage-grey-cream","neutral","split suede, nylon mesh, gum rubber","lightweight","0","true","","standard"
"gar_service_boots_brown","Goodyear-Welted Service Boots","footwear","boots","2","regular","rugged-cap-toe","walnut-brown","earth","chromexcel leather, Dainite studded sole","heavyweight","0","true","","standard"
"gar_formal_oxford_black","Cap-Toe Wholecut Oxford Shoes","footwear","dress-shoes","5","tailored","razor-sleek-closed-lacing","mirror-black","neutral","French box calf, oak-bark tanned leather sole","midweight","-1","false","","standard"
"gar_horsebit_loafer_black","Gold-Hardware Horsebit Loafers (Black)","footwear","loafers","4","regular","almond-toe-brass-horsebit","polished-black","neutral","calfskin leather, stitched leather sole","midweight","0","true","","standard"
"gar_trail_runner_goretex","All-Terrain Gore-Tex Trail Runner","footwear","sneakers","1","regular","aggressive-contagrip-quicklace","black-and-asphalt","neutral","waterproof Gore-Tex membrane, welded TPU, rubber","midweight","0","true","","standard"
"gar_leather_mules_black","Square-Toe Backless Leather Mules","footwear","mules","3","regular","architectural-square-vamp-open-back","black","neutral","smooth calf leather, stacked heel","lightweight","0","true","","standard"
"gar_combat_boots_vibram","8-Eyelet Lug-Sole Combat Boots","footwear","boots","2","regular","heavy-lug-shaft-high-rise","matte-black","neutral","oiled full-grain cowhide, commando sole","heavyweight","0","true","","standard"
"gar_canvas_skate_sneakers","Low-Profile Canvas Skate Shoes (Black/White)","footwear","sneakers","1","regular","vulcanized-waffle-sole","black-and-white","neutral","10oz canvas, vulcanized rubber","lightweight","0","true","","standard"
"gar_suede_espadrilles_sand","Jute-Sole Suede Espadrilles (Sand)","footwear","sandals","2","regular","stitched-jute-rope-slip-on","sand","earth","unlined Spanish suede, braided jute rope sole","lightweight","0","true","","standard"
"gar_leather_fisherman_sandals","Woven Leather Fisherman Sandals (Espresso)","footwear","sandals","2","regular","caged-woven-vamp-buckle","espresso-brown","earth","vegetable-tanned bridle leather","midweight","0","true","","standard"
"gar_monk_strap_shoes_brown","Double Monk-Strap Dress Shoes (Burnished Brown)","footwear","dress-shoes","4","tailored","dual-brass-buckle-cap-toe","burnished-brown","earth","full-grain calfskin, channeled leather sole","midweight","-1","false","","standard"
"gar_desert_boot_beeswax","Original Crepe-Sole Desert Boots (Beeswax Leather)","footwear","boots","2","regular","two-eyelet-chukka-height","beeswax-brown","earth","full-grain pull-up leather, plantation crepe sole","midweight","0","true","","standard"
"gar_patent_evening_pumps","Patent Leather Evening Slippers","footwear","dress-shoes","5","tailored","low-cut-grosgrain-bow-quench","mirror-patent-black","neutral","mirror patent leather, quilted red silk lining","lightweight","-1","false","","standard"
"gar_tabi_split_toe_boot","Split-Toe Tabi Ankle Boots (Black)","footwear","boots","4","tailored","split-toe-cylindrical-heel","black","neutral","soft nappa lambskin, leather sole","midweight","0","true","","standard"
"gar_leather_tote_black","Structured Architectural Leather Tote","accessory","bag","3","regular","geometric-minimal-tote","matte-black","neutral","vegetable-tanned full-grain leather","midweight","0","true","","standard"
"gar_silver_signet_ring","Brushed Sterling Silver Signet Ring","accessory","jewelry","3","regular","cushion-bevel-signet","silver","cool","925 sterling silver","lightweight","0","true","","standard"
"gar_wool_scarf_charcoal","Fringed Lambswool Scarf (Charcoal)","accessory","scarf","3","regular","long-drape","charcoal-melange","neutral","100% Scottish lambswool","heavyweight","0","true","","high-coverage"
"gar_dress_watch_gold_leather","Vintage Dress Watch with Alligator Strap","accessory","watch","4","regular","slim-round-36mm-case","yellow-gold-brown","warm","18k gold-plated case, brown leather strap","lightweight","0","true","","standard"
"gar_leather_belt_brass","1.25"" Vegetable-Tanned Bridle Leather Belt","accessory","belt","3","regular","solid-brass-buckle-stitched","cognac-brown","warm","English bridle leather, solid brass buckle","midweight","0","true","","standard"
"gar_crossbody_bag_nylon_black","Technical Ergonomic Crossbody Sling Bag","accessory","bag","1","regular","triangular-sling-fidlock-buckle","matte-black","neutral","500D Cordura nylon, Fidlock magnetic hardware","lightweight","0","true","","standard"
"gar_beanie_wool_black","Ribbed Merino Fisherman Beanie (Black)","accessory","hat","1","regular","shallow-crown-cuffed","black","neutral","100% fine merino wool rib","midweight","0","true","","standard"
"gar_sunglasses_acetate_tortoise","Architectural Acetate Sunglasses (Dark Tortoise)","accessory","eyewear","3","regular","square-chunky-bevel","dark-tortoise","warm","Mazzucchelli bio-acetate, Carl Zeiss UV400 lenses","lightweight","0","true","","standard"
"gar_silk_pocket_square_burgundy","Printed Silk Twill Pocket Square","accessory","pocket-square","4","regular","hand-rolled-edges-square","deep-burgundy-gold","warm","100% Italian silk twill","lightweight","-1","false","","standard"
"gar_ballcap_washed_cotton","Unstructured 6-Panel Dad Cap (Washed Olive)","accessory","hat","1","regular","curved-brim-strapback","faded-olive","earth","washed cotton chino twill, brass buckle","lightweight","0","true","","standard"
"gar_silver_chain_curb","4mm Solid Sterling Silver Curb Chain","accessory","jewelry","2","regular","diamond-cut-flat-link-20inch","polished-silver","cool","solid 925 sterling silver","lightweight","0","true","","standard"
"gar_canvas_weekender_bag","Heavy 18oz Duck Canvas Weekender Duffel","accessory","bag","2","regular","cylindrical-barrel-leather-straps","canvas-tan","earth","18oz paraffin waxed canvas, saddle leather handles","heavyweight","0","true","","standard"
"gar_panama_hat_straw","Genuine Handwoven Toquilla Straw Panama Hat","accessory","hat","3","regular","fedora-crease-black-grosgrain-band","natural-straw","warm","100% Ecuadorian toquilla palm straw","lightweight","0","true","","standard"
"gar_leather_gloves_cashmere_lined","Cashmere-Lined Deerskin Leather Gloves","accessory","gloves","4","regular","wrist-vent-handsewn-points","black","neutral","full-grain deerskin, 100% Scottish cashmere lining","midweight","0","true","","high-coverage"
"gar_slip_dress_silk_black","Bias-Cut Silk Charmeuse Slip Dress","one-piece","dress","4","slim","bias-cut-fluid-column","black","neutral","100% heavyweight 22mm silk charmeuse","lightweight","1","false","fluid","low-coverage"
"gar_shirt_dress_cotton_poplin","Architectural Poplin Midi Shirt Dress","one-piece","dress","3","relaxed","crisp-a-line-pleated-waist","crisp-white","neutral","100% high-density cotton poplin","midweight","1","false","moderate","covered-arms"
"gar_knit_ribbed_midi_dress_olive","Fine-Rib Merino Wool Midi Dress","one-piece","dress","3","slim","contoured-column-mock-collar","olive","earth","100% extrafine 19.5 micron merino wool rib","midweight","1","false","fluid","high-coverage"
"gar_linen_wrap_dress_terracotta","Washed French Linen Wrap Dress","one-piece","dress","2","regular","waist-tie-fluid-v-neck","terracotta","warm","100% pre-washed French flax linen","lightweight","1","false","fluid","standard"
"gar_jumpsuit_utilitarian_black","Minimal Structured Twill Jumpsuit","one-piece","jumpsuit","3","relaxed","cinched-waist-straight-leg","black","neutral","compact organic cotton twill","midweight","0","true","moderate","covered-both"
"gar_cocktail_slip_dress_burgundy","Sculpted Column Evening Gown (Burgundy)","one-piece","dress","5","tailored","floor-length-column-architectural-bust","deep-burgundy","warm","heavyweight crepe de chine with bonded lining","heavyweight","1","false","moderate","standard"
"gar_tiered_boho_midi_dress","Floral Print Tiered Georgette Midi Dress","one-piece","dress","2","relaxed","tiered-flounce-soft-gathering","muted-botanical","earth","airy mulberry silk georgette","lightweight","1","false","fluid","covered-arms"
"gar_knit_sweater_dress_charcoal","Oversized Cashmere Turtleneck Sweater Dress","one-piece","dress","3","oversized","slouchy-cocoon-ribbed-cuffs","charcoal","neutral","7-gauge 100% Mongolian cashmere","heavyweight","1","false","moderate","high-coverage"
"gar_pleated_midi_skirt_wool","Knife-Pleated Wool Gabardine Midi Skirt","bottom","skirt","3","regular","sharp-knife-pleats-a-line","midnight-navy","cool","100% worsted wool gabardine","midweight","1","false","moderate","covered-legs"
"gar_bias_cut_satin_midi_skirt","Bias-Cut Silk Satin Midi Skirt (Champagne)","bottom","skirt","3","slim","fluid-liquid-drape-flared-hem","champagne","warm","100% heavy silk satin","lightweight","1","false","fluid","covered-legs"
"gar_denim_maxi_skirt_raw","Raw Indigo Front-Slit Denim Maxi Skirt","bottom","skirt","2","regular","high-rise-straight-column-slit","raw-indigo","cool","13oz Japanese selvedge cotton denim","heavyweight","1","false","stiff","covered-legs"
"gar_leather_pencil_skirt_black","Nappa Leather Tailored Pencil Skirt","bottom","skirt","4","tailored","clean-knee-length-sculpted-waist","black","neutral","100% butter-soft lamb nappa leather with cupro lining","midweight","1","false","moderate","standard"
"gar_silk_camisole_ivory","Bias-Cut Silk Crepe Camisole Top","top","camisole","3","slim","scoop-neckline-fine-rouleau-straps","ivory","neutral","100% sandwashed silk crepe","lightweight","1","false","fluid","low-coverage"
"gar_draped_wrap_blouse_ecru","Asymmetric Draped Georgette Wrap Blouse","top","blouse","3","relaxed","surplice-wrap-shawl-collar-drape","ecru","neutral","fluid viscose-silk georgette","lightweight","1","false","fluid","standard"
"gar_sculpted_blazer_hourglass_black","Cinched Hourglass Tailored Wool Blazer","outerwear","blazer","4","tailored","peplum-flair-sculpted-waist-padded-shoulder","black","neutral","high-twist tropical wool with structured canvas interlining","midweight","1","false","moderate","covered-arms"
"gar_high_waist_wide_trousers_camel","High-Rise Fluid Pleated Trousers (Camel)","bottom","trousers","3","relaxed","ultra-high-rise-deep-double-pleats-full-break","camel","warm","pure virgin wool fluid flannel","midweight","1","false","fluid","covered-both"
"gar_ballet_flat_leather_black","Unstructured Butter Calfskin Ballet Flats","footwear","ballet-flat","3","regular","elasticated-collar-square-almond-toe","black","neutral","glove-tanned calfskin, leather sole","lightweight","1","false","","standard"
"gar_block_heel_mule_taupe","50mm Suede Block-Heel Mules","footwear","heel","3","regular","slip-on-architectural-block-heel","taupe","neutral","brushed calf suede, stacked leather heel","midweight","1","false","","standard"
"gar_slingback_kitten_heel_black","Pointed-Toe Leather Slingback Pumps (45mm)","footwear","heel","4","slim","elongated-chiseled-point-delicate-strap","black","neutral","semi-gloss Italian box calfskin","lightweight","1","false","","standard"
"gar_strappy_leather_sandal_tan","Minimalist Asymmetric Leather Flat Sandals","footwear","sandal","2","regular","barely-there-fine-cross-straps","saddle-tan","warm","vegetable-tanned vacchetta leather","lightweight","0","true","","standard"
"gar_chelsea_boot_lug_sole_black","Commando Lug-Sole Waterproof Chelsea Boots","footwear","boot","2","regular","chunky-cleated-sole-high-ankle-shaft","matte-black","neutral","hydrophobic full-grain calf leather, Vibram lug sole","heavyweight","0","true","","standard"
"gar_boston_clog_taupe","Suede Ergonomic Closed-Toe Clogs","footwear","clog","1","relaxed","rounded-apron-cork-footbed","taupe","neutral","thick oiled suede, anatomical cork-latex bed","midweight","0","true","","standard"
"gar_minimal_runner_retro_white","Low-Profile Retro Suede & Nylon Runners","footwear","sneaker","2","regular","streamlined-wedge-gum-outsole","off-white-gum","neutral","Japanese ballistic nylon and split suede overlays","lightweight","0","true","","standard"
"gar_knee_high_riding_boot_brown","Straight-Shaft Pull-On Leather Riding Boots","footwear","boot","3","regular","tall-sculpted-shaft-low-stacked-heel","cognac-brown","warm","vegetable-tanned full-grain Tuscan calf","heavyweight","1","false","","standard"
"gar_leather_shoulder_bag_baguette","Sculpted Minimalist Leather Shoulder Bag","accessory","bag","3","regular","underarm-horizontal-curved-base","black","neutral","smooth semi-patent calfskin, tonal nappa lining","midweight","1","false","","standard"
"gar_canvas_leather_tote_large","Architectural Canvas & Saddle Leather Tote","accessory","bag","2","regular","oversized-geometric-north-south-tote","ecru-black","neutral","24oz heavyweight cotton canvas with bridle leather trim","heavyweight","0","true","","standard"
"gar_gold_hoop_earrings_chunky","18k Vermeil Hollow Bold Hoop Earrings","accessory","jewelry","3","regular","25mm-chunky-tubular-hoop","warm-gold","warm","18k gold vermeil over 925 recycled sterling silver","lightweight","1","false","","standard"
"gar_silk_twill_foulard_scarf","Printed Silk Twill Square Scarf (70cm)","accessory","scarf","4","regular","hand-rolled-hem-square-foulard","navy-ochre","cool","100% 16mm Mulberry silk twill","lightweight","0","true","","standard"
"gar_fine_leather_belt_gold_buckle","25mm Fine Calfskin Belt with Chiseled Brass Buckle","accessory","belt","4","regular","narrow-beveled-edge-clean-keeper","black-gold","neutral","French box calf with solid brushed brass hardware","lightweight","0","true","","standard"
"gar_acetate_cat_eye_sunglasses_black","Beveled Cat-Eye Bio-Acetate Sunglasses","accessory","sunglasses","3","regular","sculpted-thick-temple-subtle-uplift","black","neutral","Mazzucchelli 8mm bio-acetate, Carl Zeiss polarized lenses","lightweight","1","false","","standard"