id,name,slug,targetLength,maintenance,formalityRange,compatibleTextures,compatibleFaceShapes
"hair_textured_crop","Textured French Crop","textured-crop","short","minimal","1-4","straight;wavy;curly","oval;square;heart;diamond"
"hair_classic_side_part","Classic Tapered Side Part","classic-side-part","short","moderate","3-5","straight;wavy","oval;square;round;rectangle"
"hair_middle_part_curtains","Fluid Middle Part (Curtains)","middle-part-curtains","medium","moderate","2-4","straight;wavy","oval;diamond;triangle;square;heart"
"hair_tapered_buzz","Architectural Buzz Cut","tapered-buzz","buzz","minimal","1-4","straight;wavy;curly;coily","oval;square;diamond;rectangle"
"hair_wavy_mod_cut","Wavy Shaggy Mod Cut","wavy-mod-cut","medium","minimal","1-3","wavy;curly","oval;rectangle;heart;diamond"
"hair_textured_quiff","Deconstructed Quiff","textured-quiff","medium","moderate","2-4","straight;wavy","round;square;oval"
"hair_slick_back_fade","Slick Back Undercut","slick-back-fade","medium","high","3-5","straight;wavy","oval;square;diamond"
"hair_curly_fade_taper","Curly High Top Taper","curly-taper","medium","moderate","1-4","curly;coily","oval;round;square;heart"
"hair_shoulder_flow","Shoulder-Length Flow","shoulder-length-flow","shoulder","moderate","1-3","wavy;curly;straight","oval;square;diamond;rectangle"
"hair_ivy_league","Ivy League Crew Cut","ivy-league-crew","short","minimal","2-5","straight;wavy","oval;square;rectangle;round"
"hair_wolf_cut","Architectural Wolf Cut","wolf-cut","medium","moderate","1-3","wavy;straight","oval;heart;diamond;rectangle"
"hair_comb_over_low_fade","Modern Comb Over Fade","comb-over-low-fade","short","moderate","2-5","straight;wavy","round;oval;square"
"hair_short_locs_taper","Short Sculpted Locs with Taper","short-locs-taper","short","moderate","1-4","coily;curly","oval;square;heart;round"
"hair_blunt_crop","Blunt Forward Crop","blunt-crop","short","high","1-4","straight;wavy","oval;rectangle;diamond"
"hair_caesar_cut","Classic Caesar Cut","caesar-cut","short","minimal","1-4","straight;wavy;curly","oval;rectangle;square"
"hair_executive_pompadour","Executive Pompadour","executive-pompadour","medium","high","3-5","straight;wavy","oval;round;square"
"hair_knot_undercut","Architectural Knot with Undercut","knot-undercut","long","moderate","1-3","straight;wavy;curly","oval;square;diamond"
"hair_textured_casual_waves","Textured Casual Waves","textured-casual-waves","medium","minimal","1-3","wavy;curly","oval;square;heart;rectangle"
"hair_box_braids_mid","Mid-Length Box Braids","box-braids-mid","medium","minimal","1-4","coily;curly","oval;round;square;heart;diamond"
"hair_cornrows_clean_taper","Geometric Cornrows with Taper","cornrows-clean-taper","short","minimal","1-4","coily;curly","oval;square;rectangle;diamond"
"hair_two_strand_twists","Defined Two-Strand Twists","two-strand-twists","short","minimal","1-4","coily;curly","oval;round;heart;diamond"
"hair_afro_taper_fade","Sculpted Afro with Low Taper","afro-taper-fade","short","moderate","1-4","coily","oval;square;round;heart"
"hair_classic_bob_blunt","Architectural Blunt Bob","blunt-bob","medium","moderate","2-5","straight","oval;heart;diamond"
"hair_layered_shag_long","Long Layered Shag with Curtain Bangs","long-layered-shag","long","moderate","1-4","wavy;curly;straight","oval;square;rectangle;heart"
"hair_pixie_tapered","Sculpted Tapered Pixie","tapered-pixie","short","moderate","2-5","straight;wavy","oval;heart;square"
"hair_long_dreadlocks","Long Mature Dreadlocks","long-mature-dreadlocks","long","minimal","1-4","coily;curly","oval;square;diamond;rectangle"
"hair_undercut_fade_long_top","Disconnected Undercut with Flow","disconnected-undercut-flow","medium","high","1-4","straight;wavy","oval;square;diamond"
"hair_french_crop_curly","Curly Fringe Crop with Low Drop Fade","curly-fringe-crop","short","moderate","1-3","curly;wavy","oval;diamond;heart;square"
"hair_soft_side_swept_layers","Soft Side-Swept Medium Layers","side-swept-layers","short","minimal","2-5","straight;wavy","oval;round;square;rectangle"
"hair_coily_mini_fro_taper","Defined Coily Taper (Short Wash & Go)","coily-mini-fro-taper","short","minimal","1-4","coily;curly","oval;round;square;heart;diamond"