id,slug,name,category,defaultFormality,allowableFormalityRange,guidelines
"occ_interview","job-interview","Job Interview","professional","4","3-5","Prioritize structured tailoring and restrained color discipline;Ensure grooming is pristine, hair disciplined, and collar crisp;Avoid loud logos, excessive jewelry, and casual sneakers"
"occ_office","office","Modern Office / Workplace","professional","3","2-4","Balance comfort and professional authority;Knit polos, tailored trousers, clean derbies or minimal leather sneakers;Neutral and earth tones communicate competence and calm"
"occ_casual_day","casual","Everyday Casual / Weekend","casual","1","1-2","Effortless silhouettes with high breathability and walkability;Boxy cut tees, relaxed chinos, unbuttoned lightweight overshirts"
"occ_dinner","dinner","Fine Dining / Dinner Party","evening","4","3-5","Sophisticated layering, structured outerwear, and immaculate footwear;Drape and fabric texture are paramount under warm ambient restaurant lighting"
"occ_date","date","Evening Date","evening","3","2-4","Focus on tactile textures (merino, suede, brushed cotton) that invite closeness;Silhouette should look intentional and well-proportioned without looking over-stiff;Elevate through dark palette anchoring (black, charcoal, deep navy, rich brown)"
"occ_night_out","night-out","Night Out / Lounge / Club","evening","2","2-4","Embrace edge, contrast, and darker moody tones;Strong silhouette: cropped leather jackets, relaxed wide trousers, or statement boots;Jewelry and subtle accessories can take center stage"
"occ_party","party","Social Gathering / House Party","social","2","1-3","Expressive styling with conversation-starter silhouettes or textures;High mobility and effortless self-assured presence"
"occ_college","university-college","University / College Campus","academic","2","1-3","Comfort-driven layered casual with strong proportions;Heavyweight hoodies under work jackets, relaxed denim, timeless sneakers"
"occ_wedding","wedding-guest","Wedding Guest","ceremony","4","3-5","Honor ceremonial formality without overshadowing the hosts;Never wear all-white; choose rich navy, charcoal, or refined earthy linen suits;Pair with polished oxfords or dress loafers"
"occ_cultural_traditional","cultural-traditional","Cultural / Traditional Ceremony","cultural","4","3-5","Honors heritage textiles, bespoke regional drapery, and ceremonial reverence;Welcomes sherwani, kurta, bandhgala, barong tagalog, hanbok, kimono, bespoke linen tunics, and cultural formalwear;System does NOT default automatically to Western business suiting when cultural context is selected"
"occ_travel","travel","Airport / Travel Transit","casual","2","1-3","Wrinkle-resistant fabrics, functional layers for temperature shifts;Easy slip-on footwear and ergonomic relaxed trousers"
"occ_custom","custom","Custom Curated Event","social","3","1-5","Adaptable contextual configuration based on custom user specification"